{
  "books": [
    {
      "id": 1,
      "title": "Black Cat",
      "author": "1"
    },
    {
      "id": 2,
      "title": "Tales of Cthulhu",
      "author": "2"
    },
    {
      "id": 3,
      "title": "Black Humor Tales",
      "author": "3"
    },
    {
      "id": 4,
      "title": "The Raven",
      "author": "1"
    },
    {
      "id": 5,
      "title": "Necronomicon",
      "author": "2"
    },
    {
      "id": 6,
      "title": "Black Tales",
      "author": "1"
    }
  ],
  "libraries": [
    {
      "id": 2,
      "name": "Franchese",
      "address": "Street A 123",
      "books": [
        "Black Cat",
        "Tales of Cthulhu",
        "Black Humor Tales",
        "Raven",
        "Necronomicon"
      ]
    },
    {
      "id": 1,
      "name": "Central Park",
      "address": "Street B 123",
      "books": [
        "Black Cat",
        "The Raven",
        "Black Tales"
      ]
    }
  ],
  "authors": [
    {
      "id": 1,
      "name": "Edgar Allan Poe"
    },
    {
      "id": 2,
      "name": "H.P. Lovecraft"
    },
    {
      "id": 3,
      "name": "Saki"
    },
    {
      "id": 4,
      "name": "Arthur Conan Doyle"
    },
    {
      "id": 5,
      "name": "Gabriel Garcia Marquez"
    }
  ]
}